Ad Group,Keyword,Match Type
Brand - CleanQix,cleanqix,Exact
Brand - CleanQix,cleanqix wipes,Exact
Brand - CleanQix,cleanqix wipes,Phrase
Brand - CleanQix,cleanqix disinfectant wipes,Phrase
Brand - CleanQix,cleanqix no rinse wipes,Phrase
Brand - CleanQix,cleanqix food contact wipes,Phrase
Brand - CleanQix,buy cleanqix wipes,Phrase
Brand - CleanQix,cleanqix 2 rolls,Phrase
No-Rinse / Food Contact Wipes,no rinse sanitizing wipes,Phrase
No-Rinse / Food Contact Wipes,no rinse disinfectant wipes,Phrase
No-Rinse / Food Contact Wipes,food contact surface wipes,Phrase
No-Rinse / Food Contact Wipes,food safe sanitizing wipes,Phrase
No-Rinse / Food Contact Wipes,no rinse sanitizer wipes food safe,Phrase
No-Rinse / Food Contact Wipes,no rinse wipes for food prep,Phrase
No-Rinse / Food Contact Wipes,wipe down disinfectant no rinse,Phrase
No-Rinse / Food Contact Wipes,food contact disinfecting wipes,Phrase
No-Rinse / Food Contact Wipes,no rinse food safe wipes,Phrase
No-Rinse / Food Contact Wipes,rinse free sanitizing wipes,Phrase
No-Rinse / Food Contact Wipes,no rinse cleaning wipes commercial,Phrase
Restaurant & Foodservice Sanitizing,restaurant sanitizing wipes,Phrase
Restaurant & Foodservice Sanitizing,commercial kitchen disinfectant wipes,Phrase
Restaurant & Foodservice Sanitizing,foodservice disinfectant wipes,Phrase
Restaurant & Foodservice Sanitizing,restaurant table sanitizing wipes,Phrase
Restaurant & Foodservice Sanitizing,bar sanitizing wipes,Phrase
Restaurant & Foodservice Sanitizing,cafeteria disinfectant wipes,Phrase
Restaurant & Foodservice Sanitizing,commercial food service wipes,Phrase
Restaurant & Foodservice Sanitizing,restaurant disinfecting wipes bulk,Phrase
Restaurant & Foodservice Sanitizing,food truck sanitizing wipes,Phrase
Restaurant & Foodservice Sanitizing,catering sanitizing wipes,Phrase
Restaurant & Foodservice Sanitizing,deli sanitizing wipes,Phrase
Prep Surface & Utensil Sanitizing,cutting board sanitizer wipes,Phrase
Prep Surface & Utensil Sanitizing,utensil sanitizing wipes,Phrase
Prep Surface & Utensil Sanitizing,food prep surface disinfectant wipes,Phrase
Prep Surface & Utensil Sanitizing,prep counter sanitizing wipes,Phrase
Prep Surface & Utensil Sanitizing,dish sanitizing wipes,Phrase
Prep Surface & Utensil Sanitizing,food contact equipment wipes,Phrase
Prep Surface & Utensil Sanitizing,kitchen prep sanitizing wipes,Phrase
Prep Surface & Utensil Sanitizing,cutting board disinfectant wipes bulk,Phrase
Prep Surface & Utensil Sanitizing,prep table sanitizing wipes,Phrase
Compliance & Certification-Led,NSF listed sanitizing wipes,Phrase
Compliance & Certification-Led,NSF listed food contact disinfectant,Phrase
Compliance & Certification-Led,third party certified food safe disinfectant,Phrase
Compliance & Certification-Led,norovirus disinfectant wipes,Phrase
Compliance & Certification-Led,kills norovirus wipes food service,Phrase
Compliance & Certification-Led,flu disinfectant wipes restaurant,Phrase
Compliance & Certification-Led,health inspector approved sanitizing wipes,Phrase
Compliance & Certification-Led,food safety compliant disinfectant wipes,Phrase
Compliance & Certification-Led,HACCP sanitizing wipes,Phrase
